kernel,n,nsteps,force_evaluations,threads,repeats,interactions_per_force_eval,total_interactions,approx_flops,sqrt_count,division_count,force_median_s,force_stdev_s,total_median_s,energy_median_s,approx_mflop_s,speedup_vs_direct,ideal_half_time_s,half_time_ratio,overhead_vs_half_time_s,overhead_vs_half_time_percent,max_relative_energy_drift,statuses
direct,8192,20,21,1,5,67100672,1409114112,28182282240.0,1409114112,1409114112,7.708523045,0.013312704903134338,7.997650433,0.287287989,3655.9898797059377,1.0,0.0,0.0,0.0,0.0,4.083561458670819e-08,OK
newton,8192,20,21,1,5,33550336,704557056,16204812288.0,704557056,704557056,6.645661164,0.006854195437360788,6.935038834,0.287309735,2438.404831077241,1.159933203750681,3.8542615225,1.7242372177405874,2.7913996415,72.42372177405873,4.083561458670819e-08,OK
newton-atomic,8192,20,21,1,5,33550336,704557056,16204812288.0,704557056,704557056,36.815681521,0.021394990387347674,37.104731855,0.287343068,440.16059511913767,0.20938151153342055,3.8542615225,9.551941741908616,32.961419998500006,855.1941741908615,4.083561458670819e-08,OK
newton-private,8192,20,21,1,5,33550336,704557056,16204812288.0,704557056,704557056,6.601908955,0.0076017599731182375,6.891820091,0.287775227,2454.564641599181,1.1676203197503805,3.8542615225,1.7128855726213892,2.7476474325,71.28855726213892,4.083561458670819e-08,OK
direct,8192,20,21,2,5,67100672,1409114112,28182282240.0,1409114112,1409114112,3.855940576,0.013132824186718711,4.0767932,0.216841882,7308.795787832183,1.0,0.0,0.0,0.0,0.0,4.0835614961873024e-08,OK
newton,8192,20,21,2,5,33550336,704557056,16204812288.0,704557056,704557056,6.634327414,0.002159827185354329,6.852977907,0.215700125,2442.570478780413,0.5812104732520517,1.927970288,3.441094219808848,4.706357126,244.1094219808848,4.083561458670819e-08,OK
newton-atomic,8192,20,21,2,5,33550336,704557056,16204812288.0,704557056,704557056,29.960169411,0.8607337798037465,30.178614625,0.215531228,540.878526609744,0.12870222871918327,1.927970288,15.539746435656689,28.032199122999998,1453.9746435656689,4.0835614961873024e-08,OK
newton-private,8192,20,21,2,5,33550336,704557056,16204812288.0,704557056,704557056,4.93609834,0.004779068845198776,5.154298485,0.215671794,3282.919255615965,0.7811717495077296,1.927970288,2.560256436897953,3.008128052,156.0256436897953,4.08356145867082e-08,OK
direct,8192,20,21,4,5,67100672,1409114112,28182282240.0,1409114112,1409114112,3.881073103,0.024459781879354953,4.057841917,0.172274419,7261.466479004376,1.0,0.0,0.0,0.0,0.0,4.08356145867082e-08,OK
newton,8192,20,21,4,5,33550336,704557056,16204812288.0,704557056,704557056,6.638978267,0.0021803917821132173,6.768247786,0.125920149,2440.8593666510947,0.5845889151786253,1.9405365515,3.4212075324570357,4.6984417155,242.12075324570355,4.083561458670819e-08,OK
newton-atomic,8192,20,21,4,5,33550336,704557056,16204812288.0,704557056,704557056,28.443823642,0.3651535324978623,28.574137226,0.126110261,569.7128660322608,0.136446954243846,1.9405365515,14.657710837764657,26.503287090500002,1365.7710837764657,4.08356145867082e-08,OK
newton-private,8192,20,21,4,5,33550336,704557056,16204812288.0,704557056,704557056,3.40858674,0.014211552808942476,3.538111339,0.126138033,4754.114688599651,1.138616499752035,1.9405365515,1.7565176689741937,1.4680501885000001,75.65176689741936,4.083561458670819e-08,OK
direct,8192,20,21,8,5,67100672,1409114112,28182282240.0,1409114112,1409114112,3.984456831,0.010678974364884821,4.128843905,0.142858911,7073.054982233787,1.0,0.0,0.0,0.0,0.0,4.08356145867082e-08,OK
newton,8192,20,21,8,5,33550336,704557056,16204812288.0,704557056,704557056,6.655042872,0.01662019324356183,6.77611494,0.112689305,2434.9673773221034,0.5987124211872396,1.9922284155,3.3405019325204983,4.6628144565,234.05019325204984,4.08356145867082e-08,OK
newton-atomic,8192,20,21,8,5,33550336,704557056,16204812288.0,704557056,704557056,32.12391787,0.3582027845184286,32.26384997,0.116929036,504.4469467758604,0.12403396270418868,1.9922284155,16.124615842274135,30.1316894545,1512.4615842274136,4.083561458670819e-08,OK
newton-private,8192,20,21,8,5,33550336,704557056,16204812288.0,704557056,704557056,3.487196871,0.027072642894234597,3.591377876,0.109274676,4646.9450643183945,1.1425958953264959,1.9922284155,1.7504001267469123,1.4949684555,75.04001267469123,4.08356145867082e-08,OK
