variant,inv_sqrt,force_kernel,n,nsteps,threads,repeats,force_median_s,force_stdev_s,total_median_s,energy_median_s,speedup_vs_libm,max_relative_energy_drift,drift_ratio_vs_libm,drift_delta_vs_libm,drift_percent_change_vs_libm,statuses
libm,libm,direct,8192,20,1,5,4.830180289,0.0013031506454410354,5.057228619,0.220607684,1.0,4.083561458670819e-08,1.0,0.0,0.0,OK
rsqrt512-0,libm,direct-rsqrt512-0,8192,20,1,5,0.489469726,0.0009549656765643521,0.710786672,0.220516602,9.868190068613151,2.510934805515526e-08,0.6148884572764148,-1.572626653155293e-08,-38.51115427235852,OK
rsqrt512-1,libm,direct-rsqrt512-1,8192,20,1,5,0.679676094,0.0005803032220190547,0.902818309,0.222696701,7.106591406759115,4.083665923319497e-08,1.0000255817500816,1.0446464867816094e-12,0.002558175008160468,OK
rsqrt512-2,libm,direct-rsqrt512-2,8192,20,1,5,0.888685209,0.0014417283922998588,1.113345104,0.221345726,5.435198245771637,4.083561458670819e-08,1.0,0.0,0.0,OK
libm,libm,direct,8192,20,2,5,2.416677418,0.0006811848868028918,2.583555569,0.165435437,1.0,4.083561458670819e-08,1.0,0.0,0.0,OK
rsqrt512-0,libm,direct-rsqrt512-0,8192,20,2,5,0.244890355,0.00020630750998328293,0.411766526,0.165429548,9.868405874947586,2.51093484303201e-08,0.6148884664636118,-1.572626615638809e-08,-38.51115335363882,OK
rsqrt512-1,libm,direct-rsqrt512-1,8192,20,2,5,0.34011063,0.0007588515803078336,0.506952742,0.165390727,7.1055627341021355,4.0836659608359806e-08,1.0000255909372784,1.0450216516169047e-12,0.0025590937278385795,OK
rsqrt512-2,libm,direct-rsqrt512-2,8192,20,2,5,0.445513973,0.0011454629890464926,0.612522696,0.165501178,5.424470531702044,4.083561458670819e-08,1.0,0.0,0.0,OK
libm,libm,direct,8192,20,4,5,1.226453255,0.00770951874801669,1.327111732,0.09656302,1.0,4.083561458670819e-08,1.0,0.0,0.0,OK
rsqrt512-0,libm,direct-rsqrt512-0,8192,20,4,5,0.140126765,0.008209166295752588,0.240084586,0.096255259,8.752455357118963,2.51093484303201e-08,0.6148884664636118,-1.572626615638809e-08,-38.51115335363882,OK
rsqrt512-1,libm,direct-rsqrt512-1,8192,20,4,5,0.18784044,0.008316272506432002,0.288050055,0.096772162,6.529229036090419,4.0836659608359806e-08,1.0000255909372784,1.0450216516169047e-12,0.0025590937278385795,OK
rsqrt512-2,libm,direct-rsqrt512-2,8192,20,4,5,0.241363371,0.0011323089999383125,0.342167717,0.096727661,5.081356172308349,4.0835614961873024e-08,1.000000009187197,3.751648352953348e-16,9.187197003157621e-07,OK
libm,libm,direct,8192,20,8,5,0.629054828,0.002645371897858646,0.695349705,0.06140715,1.0,4.08356145867082e-08,1.0,0.0,0.0,OK
rsqrt512-0,libm,direct-rsqrt512-0,8192,20,8,5,0.077441286,0.0013014824132129119,0.134115481,0.054764393,8.122990467901063,2.51093484303201e-08,0.6148884664636117,-1.5726266156388103e-08,-38.511153353638825,OK
rsqrt512-1,libm,direct-rsqrt512-1,8192,20,8,5,0.101998733,0.0026246296191260354,0.165920859,0.059410461,6.167280803380176,4.0836659608359806e-08,1.0000255909372782,1.0450216516036698e-12,0.002559093727816375,OK
rsqrt512-2,libm,direct-rsqrt512-2,8192,20,8,5,0.127203886,0.0016753633604944342,0.192680619,0.059314002,4.945248512297809,4.08356145867082e-08,1.0,0.0,0.0,OK
